duration,src_bytes,dst_bytes,land,wrong_fragment,urgent,hot,num_failed_logins,logged_in,num_compromised,root_shell,su_attempted,num_root,num_file_creations,num_shells,num_access_files,is_host_login,is_guest_login,count,srv_count,serror_rate,srv_serror_rate,rerror_rate,srv_rerror_rate,same_srv_rate,diff_srv_rate,srv_diff_host_rate,dst_host_count,dst_host_srv_count,dst_host_same_srv_rate,dst_host_diff_srv_rate,dst_host_same_src_port_rate,dst_host_srv_diff_host_rate,dst_host_serror_rate,dst_host_srv_serror_rate,dst_host_rerror_rate,dst_host_srv_rerror_rate,protocol_type,service,flag,Accuracy
1,1,1,1,0,0,1,0,0,0,1,0,1,1,0,1,1,1,1,1,1,1,0,1,1,1,0,0,0,1,1,0,0,1,1,1,0,0,1,1,99.84123960119388
0,1,0,0,1,1,1,1,1,0,0,1,0,0,1,1,0,1,0,0,0,0,1,1,0,0,1,1,0,1,0,1,1,0,1,1,1,1,1,1,99.84123960119388
0,1,0,0,1,1,1,1,1,1,0,1,0,0,1,1,0,1,0,0,0,0,1,1,0,0,0,1,0,1,0,1,1,0,1,1,1,1,1,1,99.84123960119388
1,1,1,1,1,1,1,1,1,1,1,1,0,0,0,0,0,1,1,0,1,0,0,0,1,0,0,1,0,1,0,1,1,0,1,1,1,1,1,1,99.84123960119388
1,1,1,1,0,0,1,0,0,0,1,0,1,1,1,0,1,0,1,1,1,0,1,0,0,1,1,0,1,0,0,0,0,1,0,0,1,1,1,1,99.84123960119388
0,1,1,1,0,1,1,1,1,1,0,1,0,1,0,1,1,1,1,1,1,1,0,1,1,1,1,1,0,0,0,0,0,0,0,0,0,1,0,1,99.84123960119388
0,1,1,1,0,1,1,1,1,0,0,1,0,1,0,1,1,1,1,1,1,1,0,1,1,1,1,1,0,0,1,0,0,0,0,0,0,1,0,1,99.84123960119388
0,1,1,0,0,0,1,0,1,0,0,0,1,1,1,0,1,0,1,0,0,0,1,0,0,1,0,0,1,0,0,0,0,1,0,0,1,1,1,1,99.84123960119388
0,1,1,1,1,1,1,0,1,1,1,1,0,0,0,0,0,1,1,0,1,0,0,0,1,0,0,1,0,1,0,1,1,0,1,1,1,1,1,1,99.83806439321775
0,1,1,0,0,0,1,0,0,1,1,0,0,1,0,0,0,0,0,0,0,1,0,1,1,1,0,1,0,1,0,1,1,0,1,1,1,1,1,1,99.83806439321775
0,1,0,0,1,1,1,1,1,1,0,1,0,0,1,1,0,1,0,0,0,0,1,1,0,1,0,0,1,1,1,0,0,1,0,1,0,0,1,1,99.83806439321775
0,1,1,1,0,1,1,1,0,0,1,0,1,1,1,0,1,0,1,1,1,0,1,0,0,1,1,0,1,0,0,0,0,1,0,0,1,1,1,1,99.83488918524164
1,1,1,1,0,0,1,0,0,0,1,0,1,1,0,1,1,1,1,1,1,1,0,1,1,1,1,1,0,0,1,0,0,0,0,0,0,1,0,1,99.83488918524164
0,1,1,1,1,1,1,0,1,0,1,1,0,0,0,0,0,1,1,0,1,0,0,0,1,1,0,0,1,1,1,0,0,1,1,1,0,0,1,1,99.83488918524164
0,1,1,0,0,0,1,0,0,1,1,0,0,1,0,0,0,0,0,1,0,1,0,1,0,1,0,0,1,1,1,0,0,1,0,1,0,0,1,1,99.83488918524164
0,1,1,1,0,1,1,1,1,1,0,1,0,1,0,1,1,1,1,1,1,1,0,1,1,1,1,1,0,0,0,0,0,0,0,0,0,0,1,1,99.83171397726551
0,1,1,0,0,0,1,0,0,1,1,0,0,1,0,0,0,0,0,1,0,1,0,1,1,1,0,0,0,1,1,0,1,0,0,1,1,1,0,1,99.83171397726551
1,1,1,1,0,0,1,0,1,1,0,1,0,1,0,1,1,1,1,1,1,1,0,1,1,1,1,1,0,0,1,0,0,0,0,0,0,1,0,1,99.83171397726551
1,1,1,1,0,0,1,0,1,1,0,1,0,1,1,0,1,0,1,1,1,0,1,1,1,1,1,1,1,0,0,0,0,1,0,0,1,1,0,1,99.83171397726551
0,1,1,1,0,1,1,1,1,1,0,1,0,1,0,1,1,1,1,1,1,1,0,1,1,1,1,1,1,0,0,0,0,1,0,0,1,1,0,1,99.83171397726551
1,1,1,1,0,0,1,0,1,1,0,1,0,1,1,0,1,0,1,1,1,0,1,0,0,1,1,0,1,0,0,0,0,1,0,0,1,1,1,1,99.83171397726551
0,1,0,0,1,1,1,1,1,0,0,1,0,0,1,1,0,0,0,1,0,1,0,1,1,1,0,0,0,1,0,1,1,0,0,1,1,1,1,1,99.83171397726551
1,1,1,1,0,0,1,0,0,0,1,1,0,1,1,0,1,0,1,1,1,0,1,0,0,1,1,0,1,0,0,0,0,1,0,0,1,1,1,1,99.8285387692894
0,1,1,1,0,1,1,1,1,1,0,1,0,1,0,1,1,1,1,1,1,1,0,0,0,1,1,0,1,0,0,0,0,1,0,0,1,1,1,1,99.8285387692894
0,1,0,0,1,1,1,1,1,0,0,1,0,0,1,1,0,0,0,1,0,1,0,1,1,1,0,0,0,1,0,1,1,0,0,1,1,1,1,1,99.8285387692894
1,1,1,1,0,0,1,0,0,0,1,0,1,1,0,1,1,1,1,1,1,1,0,1,1,1,1,1,0,0,1,0,0,0,0,0,0,1,0,1,99.82536356131327
0,1,1,0,0,0,1,0,1,0,0,0,1,1,1,0,1,1,0,0,0,0,1,1,0,0,0,1,0,1,0,1,1,0,1,1,1,1,1,1,99.82536356131327
0,1,1,0,1,1,1,1,1,1,0,1,1,0,0,0,1,1,1,0,0,0,1,1,0,0,0,0,0,1,0,1,1,0,0,1,1,1,0,1,99.82536356131327
0,1,1,1,0,1,1,1,0,0,1,0,1,1,1,0,1,0,1,1,1,0,1,0,0,1,1,0,1,0,0,0,0,1,0,0,1,1,1,1,99.82536356131327
0,1,1,1,0,1,1,1,1,1,0,1,0,1,0,1,1,1,1,1,0,1,0,1,1,1,0,0,0,0,0,0,0,0,0,0,0,1,1,1,99.82218835333715
1,1,1,1,0,0,1,0,1,1,0,1,0,1,1,0,1,0,1,1,1,0,1,0,0,1,1,0,1,0,0,0,0,0,0,1,1,1,0,1,99.82218835333715
0,1,1,1,0,1,1,1,1,1,0,1,0,1,0,1,1,1,1,1,1,1,0,1,1,1,1,1,0,0,0,0,0,0,0,0,1,1,1,1,99.82218835333715
0,1,0,0,0,0,1,0,1,0,0,0,1,1,1,0,1,0,1,0,0,1,1,1,1,0,0,0,0,1,1,0,1,0,0,1,1,1,0,1,99.82218835333715
0,1,1,1,1,1,1,0,1,0,1,1,0,0,0,0,0,1,1,0,1,0,0,0,0,1,1,0,1,0,0,0,0,1,0,0,1,1,1,1,99.82218835333715
0,1,1,1,0,1,1,1,1,0,1,0,1,1,1,0,1,0,1,1,1,0,1,0,0,1,1,0,1,0,0,0,0,1,0,0,1,1,1,1,99.82218835333715
0,1,1,1,0,1,1,1,0,0,1,0,1,1,1,0,1,0,1,1,1,0,1,0,0,1,1,1,1,1,0,1,1,1,0,1,0,1,0,0,99.82218835333715
0,1,1,1,0,0,1,0,1,1,0,0,1,1,1,0,1,0,1,1,1,0,1,0,0,1,1,0,0,0,1,0,0,0,0,0,0,1,0,1,99.82218835333715
0,1,1,0,1,1,1,1,1,1,0,1,1,0,0,0,1,1,1,0,0,1,0,1,1,1,1,1,1,1,1,1,1,1,0,1,0,0,0,0,99.81901314536103
0,1,1,0,0,0,1,0,0,1,1,0,0,1,0,0,0,1,1,1,1,1,0,1,1,1,1,1,0,0,1,0,0,0,0,0,0,1,0,1,99.81901314536103
0,1,1,1,0,1,1,1,0,0,1,0,0,1,0,0,0,0,0,1,0,1,0,1,1,1,0,0,0,1,1,0,1,0,0,1,1,1,0,1,99.81901314536103
1,1,1,1,0,0,1,0,0,0,1,0,1,1,0,1,1,1,1,1,1,1,0,1,1,1,1,1,0,0,0,0,0,0,0,0,0,1,0,1,99.81901314536103
0,1,1,0,0,0,1,0,1,1,1,0,0,1,0,0,0,0,0,1,0,1,0,1,1,1,0,0,0,0,0,0,0,0,0,0,0,1,1,1,99.81901314536103
0,1,1,0,0,0,1,0,0,1,1,0,1,1,1,0,1,0,1,1,1,0,1,0,0,1,1,0,1,0,0,0,0,1,0,0,1,1,1,1,99.8158379373849
1,1,1,1,0,0,1,0,0,0,1,0,1,1,1,0,1,0,1,1,1,0,1,0,0,1,1,0,0,0,1,0,0,0,0,0,0,1,0,1,99.8158379373849
0,1,1,0,1,1,1,1,1,1,0,1,1,0,0,0,1,1,1,1,1,1,0,1,1,1,1,1,0,0,1,0,0,0,0,0,0,1,0,1,99.8158379373849
1,1,1,0,1,0,0,1,0,1,1,0,0,0,0,1,0,0,0,1,1,1,0,1,0,1,0,1,0,1,1,1,0,1,1,0,1,1,0,0,99.8158379373849
0,1,1,1,0,0,1,0,1,1,0,1,0,1,1,0,1,0,1,1,1,0,1,0,0,1,1,0,1,0,0,0,0,1,0,0,1,1,1,1,99.81266272940877
1,1,1,1,0,0,1,0,0,0,1,0,1,1,0,1,1,1,1,1,1,1,0,1,1,1,1,1,0,0,0,0,0,0,0,1,1,1,0,1,99.80631231345653
0,1,1,0,1,1,1,1,1,1,0,1,1,0,0,0,1,1,1,0,0,1,0,1,1,1,0,0,1,0,0,0,0,1,0,0,1,1,1,1,99.80631231345653
1,1,1,1,0,0,1,0,1,1,0,1,0,1,0,1,1,1,1,1,1,1,0,1,1,1,1,1,0,0,1,0,0,0,1,0,0,1,0,1,99.80631231345653
0,1,1,1,0,1,1,1,1,1,0,1,0,1,0,1,1,1,1,1,1,1,0,1,1,1,1,1,0,0,1,0,0,0,0,0,0,1,0,1,99.80631231345653
0,1,1,1,0,1,1,1,0,0,1,0,0,1,0,0,0,0,0,1,0,1,0,1,1,1,0,0,0,1,1,0,1,0,0,0,0,1,0,1,99.80631231345653
1,1,1,1,0,0,1,0,1,1,0,1,0,1,0,1,1,0,0,1,0,1,0,1,1,1,0,0,0,1,1,0,1,0,0,1,1,1,0,1,99.80631231345653
0,1,1,0,0,0,1,0,0,1,1,0,1,1,1,0,1,0,1,1,1,0,1,0,0,1,1,0,1,0,0,0,0,1,0,0,1,1,1,1,99.80313710548042
0,1,1,1,0,1,1,1,1,1,0,1,0,1,0,1,1,1,1,0,0,1,0,1,1,1,0,0,1,0,0,0,0,1,0,0,1,1,1,1,99.80313710548042
0,1,1,1,1,1,1,0,0,0,0,0,1,1,1,0,1,0,1,0,0,1,0,1,1,1,1,1,0,0,1,0,0,0,1,0,0,1,0,1,99.80313710548042
1,1,1,1,0,0,1,0,0,0,1,0,1,1,1,0,1,0,1,1,1,0,1,0,0,1,1,0,1,0,0,0,0,1,0,0,1,1,0,1,99.79996189750429
0,1,1,0,1,1,1,1,1,1,0,1,1,0,0,0,1,1,1,0,0,1,0,1,1,1,1,1,1,1,0,1,1,1,0,1,0,1,0,0,99.79678668952816
0,1,1,1,0,1,1,1,0,0,1,0,1,1,1,0,1,0,1,1,1,0,1,0,0,1,0,0,1,0,0,0,0,1,0,0,1,1,1,1,99.79361148155205
0,1,1,0,0,0,1,0,1,0,0,0,1,1,1,0,1,0,1,0,0,1,1,1,1,0,1,1,0,0,1,0,0,0,0,0,0,0,0,1,99.78408585762367
0,1,0,0,1,0,1,1,1,0,0,1,0,0,1,1,0,0,1,0,0,1,1,1,1,0,0,0,0,1,1,0,1,0,0,1,1,1,0,1,99.78408585762367
1,1,1,1,0,0,1,0,0,0,1,0,1,1,1,0,1,0,1,1,0,1,0,1,1,1,1,1,1,1,0,1,1,1,0,1,0,0,0,0,99.77456023369531
0,1,0,0,1,0,1,1,1,0,0,1,0,0,1,1,0,1,0,0,0,0,1,1,0,0,0,1,0,1,0,1,1,0,1,1,1,1,0,1,99.77138502571918
0,1,1,1,0,1,1,1,0,0,1,0,1,1,1,0,1,0,1,1,1,0,1,0,0,1,0,0,1,0,0,0,0,1,0,0,1,1,0,1,99.77138502571918
0,1,0,0,1,1,1,1,1,0,0,1,0,0,1,1,1,1,1,1,1,1,0,1,1,1,1,1,0,0,1,0,0,0,0,0,0,1,0,1,99.76503460976694
1,1,1,1,0,0,1,0,0,0,1,0,1,1,1,0,1,0,1,1,1,0,1,0,0,1,1,0,1,0,0,0,0,1,0,0,0,1,0,1,99.76503460976694
0,1,0,0,1,0,1,1,1,0,0,1,0,0,1,1,0,1,0,0,0,0,1,1,0,0,0,1,0,0,1,1,1,1,1,0,1,0,0,0,99.7586841938147
0,1,1,0,1,1,1,0,0,0,1,0,1,1,1,0,1,0,1,1,1,0,1,0,0,1,1,0,1,0,0,0,0,1,0,0,1,1,0,1,99.75550898583857
0,1,0,0,1,0,1,1,1,0,0,1,0,0,1,1,0,1,0,0,0,1,1,1,1,0,0,0,0,1,1,0,1,0,0,1,1,1,0,1,99.75550898583857
0,1,1,1,0,1,1,1,0,0,0,1,0,0,1,1,1,1,1,1,1,1,0,1,1,1,1,1,0,0,1,0,0,0,0,0,0,1,0,1,99.75233377786245
0,1,0,0,1,0,1,1,1,0,0,1,0,0,1,1,0,1,0,0,0,0,1,1,0,0,0,0,0,1,0,1,1,0,0,1,1,1,0,1,99.74915856988633
0,1,0,0,1,0,1,1,1,0,0,1,0,0,1,1,0,1,0,0,0,1,0,1,1,1,1,1,1,1,0,1,1,1,0,1,0,0,0,0,99.74915856988633
0,1,1,0,1,1,1,1,1,1,0,1,1,0,0,0,1,1,1,0,0,0,1,1,0,0,0,0,0,1,0,0,0,0,0,0,0,1,0,1,99.74915856988633
0,1,1,1,0,1,1,1,0,0,1,0,1,1,1,0,1,0,1,1,1,1,1,1,1,0,1,1,0,0,1,0,0,0,0,0,0,0,0,1,99.74915856988633
1,1,1,1,0,0,1,0,1,1,0,1,0,1,1,0,1,0,1,1,1,0,1,0,0,1,1,0,1,0,0,0,0,0,0,0,0,1,0,1,99.73963294595795
0,1,0,0,1,1,1,1,1,0,0,1,0,0,1,1,0,1,0,0,0,0,1,1,0,1,0,0,0,1,0,1,1,0,0,1,1,1,0,1,99.73645773798184
0,1,0,0,1,1,1,1,1,0,1,0,1,1,1,0,1,0,1,1,1,0,1,0,0,1,0,0,1,0,0,0,0,1,0,0,1,1,0,1,99.72693211405347
0,1,0,0,1,0,1,1,1,0,0,1,0,0,1,1,0,1,0,0,1,0,1,0,0,1,1,0,1,0,0,0,0,1,0,0,0,1,0,1,99.72693211405347
1,0,1,0,1,0,0,1,0,1,1,0,0,0,0,0,1,1,1,0,0,1,0,1,1,1,1,1,1,1,1,1,0,1,1,0,1,1,0,0,99.71423128214897
0,1,0,0,1,0,1,1,1,0,0,1,0,0,1,1,0,1,0,0,0,0,1,1,0,0,0,0,0,1,0,1,1,0,0,0,0,1,0,1,99.71105607417286
0,0,1,0,1,1,1,1,1,1,0,1,1,0,0,0,1,1,1,0,0,1,0,1,1,1,1,1,1,1,0,1,1,1,0,1,0,0,0,0,99.68247920238775
0,1,1,0,1,1,1,1,1,1,0,1,1,0,0,0,1,1,1,0,0,1,0,1,1,1,1,1,1,1,0,1,1,1,0,1,0,0,0,0,99.67612878643551
0,0,1,0,1,1,1,1,1,1,0,1,1,0,0,0,1,1,1,0,0,1,0,1,1,1,1,1,1,1,1,1,1,1,0,1,0,0,0,0,99.67295357845938
0,0,1,0,1,1,1,1,1,1,1,0,0,0,0,0,1,1,1,0,0,1,0,1,1,1,1,1,1,1,0,1,1,1,0,1,0,0,0,0,99.66977837048326
0,0,1,0,1,1,1,1,1,1,0,1,1,0,0,0,1,1,1,0,0,1,0,1,1,1,1,0,1,1,0,1,1,1,0,1,0,0,0,0,99.66977837048326
0,0,1,0,1,1,1,1,1,1,1,0,0,0,0,0,1,1,1,0,0,1,0,1,1,1,1,1,1,1,1,1,1,1,0,1,0,0,0,0,99.66977837048326
0,0,1,0,1,1,1,1,1,1,0,1,1,1,0,1,0,0,0,1,1,1,0,1,0,1,0,1,0,1,0,1,1,1,0,1,0,0,0,0,99.6602527465549
0,0,1,0,1,1,1,1,1,1,1,0,0,0,0,0,1,1,1,0,0,1,0,1,1,1,1,1,1,1,0,1,1,1,0,1,0,0,0,0,99.6602527465549
0,0,1,0,1,1,1,1,1,1,1,0,0,0,0,0,1,1,1,0,0,1,0,1,1,1,1,1,1,1,0,1,1,1,0,1,0,0,0,0,99.65072712262653
0,0,1,0,1,1,1,1,1,1,0,1,1,0,0,0,1,1,1,0,0,1,0,1,1,1,1,1,1,1,1,1,1,1,0,1,0,0,0,0,99.65072712262653
0,0,1,0,1,1,1,1,1,1,0,1,1,1,0,1,1,0,0,1,1,1,0,1,0,1,0,1,0,1,0,1,1,1,0,1,0,0,0,0,99.6443767066743
0,0,1,0,1,1,1,1,1,1,0,1,1,0,0,0,1,1,1,0,0,1,0,1,1,1,1,0,1,1,0,1,1,1,0,1,0,0,0,0,99.64120149869817
0,0,1,0,1,1,1,1,1,1,0,1,1,0,0,0,1,1,1,0,0,1,0,1,1,1,1,1,1,1,0,1,1,1,0,1,0,0,0,0,99.6316758747698
0,0,1,0,1,1,1,1,1,1,0,1,0,1,0,1,0,0,0,1,1,1,0,1,0,1,0,1,0,1,0,1,1,1,0,1,0,0,0,0,99.62850066679367
1,1,1,1,1,1,0,1,0,0,1,1,0,0,0,0,0,1,0,0,1,0,0,1,1,1,1,1,0,0,0,1,0,1,1,0,1,1,0,0,99.62850066679367
0,0,1,0,1,1,1,1,1,1,0,1,1,0,0,0,1,1,1,0,0,1,0,1,1,1,1,1,1,1,0,1,1,1,0,1,0,0,0,0,99.62215025084143
0,0,1,0,1,0,1,1,1,1,0,1,1,0,0,0,1,1,1,0,0,1,0,1,1,1,1,1,1,1,0,1,1,1,0,1,0,0,0,0,99.62215025084143
0,0,1,0,1,1,1,1,1,1,0,1,1,1,0,1,1,0,0,1,1,1,0,1,0,1,0,1,0,1,0,1,1,1,0,1,0,0,0,0,99.61897504286532
0,0,1,0,1,1,1,1,1,1,0,1,0,1,0,1,0,0,0,1,1,1,0,1,0,1,0,1,0,1,0,1,1,1,0,1,0,0,0,0,99.59992379500858
0,0,1,0,1,1,1,1,1,1,0,1,1,1,0,1,0,0,0,1,1,1,0,1,0,1,0,1,0,1,0,1,1,1,0,1,0,0,0,0,99.58722296310408
0,0,1,0,1,1,1,1,1,1,0,1,1,0,0,1,0,0,0,1,1,1,0,1,0,1,0,1,0,1,1,1,0,0,0,0,0,0,0,0,99.58722296310408
0,0,1,0,1,1,1,1,1,1,0,1,1,0,0,1,0,0,0,1,1,1,0,1,0,1,0,1,0,1,1,1,0,0,0,1,0,0,0,0,99.58087254715183
1,1,1,1,1,1,0,1,0,0,1,1,0,0,0,0,0,1,0,0,1,0,0,1,1,1,1,1,0,0,0,1,0,1,1,0,1,1,0,0,99.56817171524735
1,0,1,0,1,0,0,1,0,1,1,0,0,0,0,0,1,1,1,0,0,1,0,1,1,1,1,1,1,1,0,1,1,1,0,1,0,0,0,0,99.56817171524735
1,0,1,0,1,0,0,1,0,1,1,0,0,0,0,0,1,1,1,0,0,1,0,1,1,1,1,1,1,1,0,1,1,1,0,0,0,0,0,0,99.5618212992951
1,0,1,0,1,0,0,1,0,1,1,0,0,0,0,1,0,0,0,1,1,1,0,1,0,1,0,1,0,1,0,1,1,1,0,1,0,0,0,0,99.55547088334285
1,0,1,0,1,0,0,1,0,1,1,0,0,0,0,0,1,1,1,0,0,1,0,1,0,1,0,1,0,1,0,1,1,1,0,1,0,0,0,0,99.54912046739062
0,0,1,0,1,1,1,1,1,1,0,1,1,0,0,1,0,0,0,1,1,1,0,1,0,1,0,1,0,1,1,1,0,0,0,1,0,0,0,0,99.53959484346224
0,0,1,0,1,1,1,1,1,1,0,1,1,1,0,1,0,0,0,1,1,1,0,1,0,1,0,1,0,1,1,1,0,0,0,0,0,0,0,0,99.53641963548613
0,0,1,0,1,0,1,1,1,1,0,1,1,0,0,1,0,0,0,1,1,1,0,1,0,1,0,1,0,1,1,1,0,0,0,0,0,0,0,0,99.53641963548613
1,0,1,0,1,0,0,1,0,1,1,0,0,0,0,1,0,0,0,1,1,1,0,1,1,1,1,1,1,1,0,1,1,1,0,0,0,0,0,0,99.52371880358164
1,0,1,0,1,0,0,1,0,1,1,0,0,0,0,0,1,1,1,0,0,1,0,1,1,1,1,1,1,1,0,1,1,1,0,1,0,0,0,0,99.51736838762939
1,0,1,0,1,0,0,1,0,1,1,0,0,0,0,1,0,1,0,1,1,1,0,1,0,1,0,1,0,1,1,1,0,0,0,0,0,0,0,0,99.41576173239348
1,0,1,0,1,0,0,1,0,1,1,0,0,0,0,0,1,1,0,0,0,1,0,1,1,1,1,1,1,1,1,1,0,0,0,0,0,0,0,0,99.40623610846511
1,0,1,0,1,0,0,1,0,1,1,0,0,0,0,0,1,1,1,0,0,1,0,1,1,1,1,1,1,1,0,1,0,0,0,0,0,0,0,0,99.3903600685845
1,0,1,0,1,0,0,1,0,1,0,1,1,0,0,1,0,0,0,1,1,1,0,1,0,1,0,1,0,1,1,1,0,0,0,0,0,0,0,0,99.37130882072776
1,0,1,0,1,0,1,1,0,1,1,0,0,0,0,1,0,0,0,1,1,1,0,1,0,1,0,1,0,1,1,1,0,0,0,0,0,0,0,0,99.3617831967994
1,0,1,0,1,0,0,1,0,0,1,0,0,0,0,1,0,0,0,1,1,1,0,1,0,1,0,1,0,1,1,1,0,0,0,0,0,0,0,0,99.35543278084714
1,0,1,1,1,1,0,1,0,0,1,1,0,0,0,0,0,1,1,0,1,0,0,1,1,1,1,1,0,0,0,1,0,1,1,0,1,1,0,0,99.3490823648949
1,0,1,0,1,0,0,1,0,1,1,0,0,0,0,0,1,1,1,0,0,0,0,1,1,1,1,1,1,1,0,1,0,0,0,0,0,0,0,0,99.34273194894266
1,0,1,0,1,0,0,1,0,1,1,0,0,0,0,0,1,1,1,0,0,1,0,1,1,1,1,1,1,1,1,1,0,0,0,0,0,0,0,0,99.33320632501429
1,1,0,0,1,1,0,0,0,1,1,1,0,0,0,0,0,1,1,1,1,0,0,1,1,1,1,1,0,0,0,1,0,1,1,0,0,0,0,0,99.33003111703816
1,0,1,0,1,1,0,1,0,0,1,1,0,0,0,0,0,1,1,0,1,0,0,1,1,1,1,1,0,0,0,1,0,1,1,0,1,1,0,0,99.33003111703816
1,0,1,0,1,0,0,1,0,1,1,0,0,0,0,1,0,1,0,1,1,1,0,1,0,1,0,1,0,1,1,1,0,0,0,0,0,0,0,0,99.33003111703816
1,0,1,0,1,0,0,1,0,1,1,0,0,0,0,1,0,0,0,1,1,1,0,1,0,1,0,1,0,1,1,1,0,0,0,0,0,0,0,0,99.32368070108592
1,0,1,0,1,0,1,1,0,1,1,0,0,0,0,1,0,0,0,1,1,1,0,1,0,1,0,1,0,1,1,1,0,0,0,0,0,0,0,0,99.3205054931098
1,0,1,1,1,1,0,1,0,0,1,1,0,0,0,0,0,1,0,0,1,0,0,1,1,1,1,1,0,0,0,1,0,1,1,0,1,1,0,0,99.31097986918142
1,0,1,0,1,0,0,1,0,1,0,1,1,0,0,1,0,0,0,1,1,1,0,1,0,1,0,1,0,1,1,1,0,0,0,0,0,0,0,0,99.31097986918142
1,1,1,0,1,0,0,1,0,1,1,0,0,0,0,1,0,0,0,1,1,1,0,1,0,1,0,1,0,1,1,1,0,0,0,0,0,0,0,0,99.31097986918142
1,0,1,1,1,0,0,1,0,1,1,0,0,0,0,1,0,0,0,1,1,1,0,1,0,1,0,1,0,1,1,1,0,0,0,0,0,0,0,0,99.30780466120531
1,0,1,1,1,0,0,1,0,1,1,0,0,0,0,1,0,0,0,1,1,1,0,1,0,1,0,1,0,1,1,1,0,0,0,0,0,0,0,0,99.30462945322918
1,0,1,0,1,0,0,1,0,1,1,0,0,0,0,1,0,0,0,1,1,1,0,1,0,0,0,1,0,1,1,1,0,0,0,0,0,0,0,0,99.30462945322918
1,0,1,0,1,0,1,1,0,1,0,1,1,0,0,1,0,0,0,1,1,1,0,1,0,1,0,1,0,1,1,1,0,0,0,0,0,0,0,0,99.29827903727694
1,0,1,1,1,1,0,0,0,1,1,1,0,0,0,1,0,1,1,0,1,0,0,1,1,1,1,1,0,0,0,1,0,1,1,0,0,1,0,0,99.28240299739632
1,0,1,0,1,0,0,1,0,1,1,0,0,0,0,1,0,0,0,1,1,1,0,1,0,1,0,1,0,1,1,1,0,0,0,0,0,0,0,0,99.28240299739632
1,0,1,0,1,0,1,1,0,1,0,1,1,0,0,1,0,0,0,1,1,1,0,1,0,1,0,1,0,1,1,1,0,0,0,0,0,0,0,0,99.27605258144409
1,0,1,0,1,0,0,1,0,0,1,0,0,0,0,1,0,0,0,1,1,1,0,1,0,1,0,1,0,1,1,1,0,0,0,0,0,0,0,0,99.27287737346796
1,0,1,0,1,0,0,1,0,1,1,0,0,0,0,0,1,1,1,0,0,1,0,1,1,1,1,1,1,1,0,1,0,0,0,0,0,0,0,0,99.26970216549184
1,0,1,0,1,0,0,1,0,1,1,0,0,0,0,1,0,0,0,1,1,1,0,1,0,0,0,1,0,1,1,1,0,0,0,0,0,0,0,0,99.26970216549184
1,0,1,1,1,1,0,1,0,0,1,1,0,0,1,0,0,1,1,0,1,0,0,1,1,1,1,0,0,0,0,1,0,1,1,0,0,1,0,0,99.26652695751572
1,0,0,1,1,1,0,1,0,0,1,1,0,0,0,0,0,1,1,0,1,0,0,1,1,1,1,1,0,0,0,1,0,1,1,0,0,1,0,0,99.25065091763511
1,0,1,1,1,1,0,1,0,0,1,1,0,0,0,0,0,1,1,0,1,0,0,1,1,1,1,1,0,0,0,1,0,1,1,0,1,1,0,0,99.24112529370673
1,0,1,0,1,0,0,1,0,1,1,1,1,1,0,1,0,0,0,1,1,1,0,1,0,1,0,1,0,1,1,1,0,0,0,0,0,0,0,0,99.24112529370673
1,0,1,0,1,0,0,1,0,1,1,0,0,0,0,0,1,1,1,0,0,0,0,1,1,1,1,1,1,1,0,1,0,0,0,0,0,0,0,0,99.23795008573062
1,0,1,1,1,1,0,1,0,0,1,1,0,0,0,0,0,1,1,0,1,0,0,1,1,1,1,1,0,0,0,1,0,1,1,0,0,1,0,0,99.19667238204103
1,0,1,1,1,1,0,1,0,0,1,1,0,0,0,0,0,1,1,0,1,0,0,1,1,1,1,1,0,0,0,1,0,1,1,0,0,1,0,0,99.18714675811266
1,0,0,0,1,1,0,0,0,1,1,1,0,0,0,0,0,1,1,0,1,0,0,1,1,1,1,1,0,0,0,1,0,1,1,0,0,1,0,0,99.18397155013653
1,0,1,1,1,1,0,1,0,0,1,1,0,0,1,0,0,1,1,0,1,0,0,1,1,1,1,1,0,0,0,1,0,1,1,0,0,1,0,0,99.17127071823204
1,0,0,0,1,1,0,0,0,1,1,1,0,0,0,1,0,1,1,0,1,0,0,1,1,1,1,1,0,0,0,1,0,1,1,0,0,1,0,0,99.13951863847082
1,0,0,1,1,1,0,0,0,1,1,1,0,0,0,0,0,1,1,1,1,0,0,1,1,1,1,1,0,0,0,1,0,1,1,0,0,1,0,0,99.10141614275734
1,0,0,1,1,1,0,0,0,1,1,1,0,0,0,0,0,1,1,1,1,0,0,1,1,1,1,1,0,0,0,1,0,1,1,0,0,1,0,0,99.09824093478122
1,0,0,0,1,1,0,0,0,1,1,1,0,0,0,0,0,1,1,1,1,0,0,1,1,1,1,1,0,0,0,1,0,1,1,0,0,1,0,0,99.08554010287673
1,0,0,0,1,1,0,0,0,1,1,1,0,0,0,0,0,1,1,1,1,0,0,1,1,1,1,1,0,0,0,1,0,1,1,0,0,1,0,0,99.08554010287673
0,0,1,0,1,1,1,1,1,1,0,0,0,0,0,0,1,1,0,0,0,1,0,1,1,1,1,1,1,1,1,1,0,0,0,0,0,0,0,0,99.0791896869245
1,0,0,0,1,1,0,0,0,1,1,1,0,0,0,0,0,1,1,0,1,0,0,1,1,1,1,1,0,0,0,1,0,1,1,0,0,1,0,0,99.05378802311552
1,0,0,0,1,1,0,0,0,1,1,1,0,0,0,0,0,1,0,0,1,0,0,1,1,1,1,1,0,0,0,1,0,1,1,0,0,1,0,0,99.01568552740204
1,0,0,0,1,1,0,0,0,1,1,1,0,0,0,0,0,1,1,1,1,0,0,1,1,1,1,1,0,0,0,1,0,1,1,0,0,0,0,0,98.9807582396647
1,0,1,0,1,1,0,1,0,1,1,0,1,0,0,1,0,0,1,0,0,1,0,0,1,1,1,0,0,0,1,1,1,1,1,0,1,0,0,0,98.96805740776021
1,0,1,1,1,1,0,1,0,1,1,0,1,0,0,1,0,0,0,0,0,1,0,0,1,1,1,0,0,0,1,1,1,1,1,0,1,0,0,0,98.94265574395122
1,0,1,1,1,1,0,1,0,1,1,0,1,1,0,1,0,0,0,0,0,1,0,0,1,1,1,0,0,0,1,1,1,1,1,0,1,0,0,0,98.93630532799898
1,0,1,0,1,1,0,0,0,1,1,1,0,0,0,0,0,1,1,1,1,0,0,1,1,1,1,1,0,0,0,1,0,1,1,0,0,0,0,0,98.9236044960945
1,0,1,1,1,1,0,1,0,0,1,0,1,0,0,1,0,1,0,0,0,1,0,0,1,1,1,0,0,0,1,1,1,1,1,0,1,0,0,0,98.89502762430939
1,0,1,1,1,1,0,1,0,0,1,0,1,0,0,1,0,0,0,0,0,1,0,0,1,1,1,0,0,0,1,1,1,1,1,0,1,0,0,0,98.89185241633326
1,0,1,1,1,1,0,1,0,0,1,0,1,0,0,1,0,0,0,0,0,1,0,0,1,1,1,0,0,0,1,1,1,1,1,0,1,0,0,0,98.87597637645266
1,0,1,0,1,1,0,1,0,0,1,0,1,0,0,1,0,1,0,0,0,1,0,0,1,1,1,0,0,0,1,1,1,1,1,0,1,0,0,0,98.87280116847653
1,0,1,0,1,1,0,1,0,1,1,0,1,0,0,1,0,0,0,0,0,1,0,1,1,1,1,0,0,0,1,1,1,1,1,0,1,0,0,0,98.86327554454817
1,0,1,1,1,1,0,1,0,1,1,0,1,1,0,1,0,0,0,0,0,1,0,0,1,1,1,0,0,0,1,1,1,1,1,0,1,0,0,0,98.8537499206198
0,1,0,0,1,0,1,1,1,0,0,1,0,0,1,1,0,1,0,0,0,0,1,1,0,0,0,1,0,0,0,0,0,1,0,0,1,1,0,1,98.85057471264368
1,0,1,0,1,1,0,1,0,0,1,1,0,0,0,0,0,1,1,0,1,0,0,1,1,1,1,1,0,0,0,1,0,0,0,0,0,0,0,0,98.84422429669144
1,0,1,1,1,1,0,1,0,1,1,0,1,0,0,1,0,0,0,0,0,1,0,0,1,1,1,0,0,0,1,1,1,1,1,0,1,0,0,0,98.84104908871532
1,0,1,0,1,1,0,1,0,1,1,0,1,0,0,1,0,0,0,0,0,1,0,0,1,1,1,0,0,0,1,1,1,1,1,0,1,0,0,0,98.82199784085857
1,0,1,1,1,1,0,1,0,0,1,0,1,0,0,1,0,0,0,0,0,1,0,1,1,1,1,0,0,0,1,1,1,1,1,0,1,0,0,0,98.81564742490633
1,0,1,1,1,1,0,1,0,0,1,0,1,0,0,1,0,0,0,0,0,1,0,0,1,1,1,0,0,0,1,1,1,1,1,0,1,0,0,0,98.80294659300183
1,0,0,0,1,1,0,1,0,1,1,0,1,0,0,1,0,0,1,0,0,1,0,0,1,1,1,0,0,0,1,1,1,1,1,0,1,0,0,0,98.7965961770496
1,0,1,1,1,1,0,1,0,0,1,0,1,0,0,1,0,1,0,0,0,1,0,0,1,1,1,0,0,0,1,1,1,1,1,0,1,0,0,0,98.78707055312123
1,0,1,1,1,1,0,1,0,0,1,1,0,0,1,0,0,1,1,0,1,0,0,1,1,1,1,0,0,0,0,1,0,1,1,0,0,1,0,0,98.71721597764653
1,0,0,0,1,1,0,0,0,1,1,1,0,0,0,0,0,1,0,0,1,0,0,1,1,1,1,1,0,0,0,1,0,1,1,0,0,1,0,0,98.64736140217184
1,0,0,0,1,1,0,0,0,1,1,1,0,0,0,0,0,1,0,0,1,0,0,1,1,0,1,1,0,0,0,1,0,1,1,0,0,1,0,0,98.59973328253001
1,0,0,1,1,1,0,1,0,0,1,1,0,0,0,0,0,1,1,0,1,0,0,1,1,1,1,1,0,0,0,1,0,1,1,0,0,1,0,0,98.56163078681654
1,0,0,0,1,1,0,1,0,0,1,1,0,0,1,0,0,1,1,0,1,0,0,1,1,1,1,1,0,0,0,1,0,1,1,0,0,1,0,0,98.50130183527021
1,0,0,0,1,1,0,0,0,1,1,0,1,0,0,1,0,0,0,0,1,1,0,0,1,1,1,0,0,0,1,1,1,1,1,0,1,0,0,0,98.38064393217756
1,0,0,0,1,1,0,0,0,1,1,0,1,0,0,1,0,0,0,0,0,1,0,0,1,1,1,0,0,0,1,1,1,1,1,0,1,0,0,0,98.36159268432083
1,0,0,0,1,1,0,0,0,1,1,0,0,0,0,1,0,1,0,0,0,1,0,0,1,1,1,0,0,0,1,1,1,1,1,0,1,0,0,0,98.3457166444402
1,0,0,0,1,1,0,0,0,1,1,0,1,0,0,1,0,0,0,0,0,1,0,0,1,1,1,0,0,0,1,1,1,1,1,0,1,0,0,0,98.33619102051185
1,1,0,0,1,1,0,0,0,1,1,1,0,0,0,0,0,1,1,1,1,0,0,1,1,1,1,1,0,0,0,1,0,1,1,0,0,0,0,0,98.32666539658348
1,0,0,0,1,1,0,0,0,1,1,0,0,0,0,1,0,0,0,0,0,1,0,0,1,1,1,0,0,0,1,1,1,1,1,0,1,0,0,0,98.32031498063122
1,0,0,0,1,1,0,0,0,1,1,0,0,0,0,1,0,1,0,0,0,1,0,0,1,1,1,0,0,0,1,1,1,1,1,0,1,0,0,0,98.29491331682225
1,0,0,0,1,1,0,0,0,1,1,0,0,0,0,1,0,0,0,0,0,1,0,0,1,1,1,0,0,0,1,1,1,1,1,0,1,0,0,0,98.28538769289389
1,0,0,0,1,1,0,0,0,0,1,0,1,0,0,1,1,0,0,0,0,1,0,0,1,1,1,0,0,0,1,1,1,1,1,0,1,0,0,0,98.22823394932368
1,0,0,1,0,1,0,0,0,0,1,0,1,0,0,1,0,0,0,0,0,1,0,0,1,1,1,0,0,0,1,1,1,1,1,0,1,0,0,0,98.22188353337144
1,0,0,0,1,1,0,0,0,0,1,0,1,0,0,1,0,0,0,0,0,1,0,0,1,1,1,0,0,0,1,1,1,1,1,0,1,0,0,0,98.20918270146694
1,0,0,1,1,1,0,0,0,0,1,0,1,0,0,1,0,0,0,0,0,1,0,0,1,1,1,0,0,0,1,1,1,1,1,0,1,0,0,0,98.19648186956246
1,0,0,0,1,1,0,0,0,0,1,0,1,0,0,1,1,0,0,0,0,1,0,0,1,1,1,0,0,0,1,1,1,1,1,0,1,0,0,0,98.19330666158633
1,0,0,0,1,1,0,0,0,1,1,0,1,0,0,1,0,0,0,0,1,1,0,0,1,1,1,0,0,0,1,1,0,1,1,0,0,1,0,0,98.13615291801612
1,0,0,0,1,1,0,0,0,0,1,0,1,0,0,1,0,0,0,0,0,1,0,0,1,1,1,0,0,0,1,1,1,1,1,0,1,0,0,0,98.12662729408777
1,0,0,1,1,1,0,0,0,0,1,0,1,0,0,1,0,0,0,0,0,1,0,0,1,1,1,0,0,0,1,1,1,1,1,0,1,0,0,0,98.0885247983743
1,0,0,0,1,1,0,0,0,1,1,1,0,0,0,0,0,1,0,0,1,0,0,1,1,0,1,1,0,0,0,1,1,1,1,0,1,0,0,0,98.03772147075634
1,0,0,1,0,1,0,0,0,0,1,0,1,0,0,1,0,0,0,0,0,1,0,0,1,1,1,0,0,0,1,1,1,1,1,0,1,0,0,0,97.95516606337715
1,0,1,0,1,1,0,1,0,0,1,0,1,0,0,1,0,1,0,0,0,1,0,0,1,1,1,0,0,0,0,0,0,1,0,0,1,1,0,1,97.81228170445164
1,0,1,1,1,1,0,1,0,0,1,1,0,0,0,0,0,1,0,0,1,0,0,1,1,1,1,1,0,0,0,1,0,0,0,0,0,0,0,0,97.41220549946021
